{"pj_path": "/data/xukang/Project/CoursePJ-KmeansCifar10/", "k": 8, "norm_ord": 2, "results": [[0, 4.7949784079685855], [5, 4.196981504362535], [10, 3.991681610327934], [15, 3.9361254376311328], [20, 3.9214951491296772], [22, 3.9190895834395714]]}