{"pj_path": "/data/xukang/Project/CoursePJ-KmeansCifar10/", "k": 2, "norm_ord": 1, "results": [[0, 3.1279952617658036], [5, 2.693522641425106], [10, 2.7238744332983846], [14, 2.725861346281433]]}