{"pj_path": "/data/xukang/Project/CoursePJ-KmeansCifar10/", "k": 2, "norm_ord": 1, "results": [[0, 4.1279952617658036], [5, 3.693522641425106], [10, 3.7238744332983846], [14, 3.725861346281433]]}