{"pj_path": "/data/xukang/Project/CoursePJ-KmeansCifar10/", "k": 6, "norm_ord": 2, "results": [[0, 4.890652461004719], [5, 3.9625967503400275], [10, 3.9260467898291007], [15, 3.9091463002658817], [20, 3.9097282700080047], [25, 3.9169327276900963], [30, 3.905203610106781], [35, 3.904210743419044], [40, 3.903549218513158], [45, 3.879252876907374], [50, 3.846738715915098], [55, 3.797670572029211], [60, 3.7463872453474902], [65, 3.690602080274342], [70, 3.6611786758780958], [75, 3.677690705663108], [80, 3.730226385005473], [85, 3.734226794217975], [90, 3.6999085072804356], [95, 3.6817817785018527], [98, 3.680718867244257]]}