{"pj_path": "/data/xukang/Project/CoursePJ-KmeansCifar10/", "k": 10, "norm_ord": 1, "results": [[0, 4.774382534963572], [5, 4.489860830638145], [10, 4.351063785733986], [15, 4.2669763267522764], [20, 4.286822619923275], [25, 4.261972349574455], [30, 4.1997968361292966], [35, 4.158533798527123], [37, 4.145707024123734]]}