{"pj_path": "/data/xukang/Project/CoursePJ-KmeansCifar10/", "k": 12, "norm_ord": 1, "results": [[0, 4.665114222682886], [5, 4.544511161660353], [10, 4.173685671315509], [15, 4.188243821484634], [20, 4.188036862083662], [22, 4.187441196882198]]}