{"pj_path": "/data/xukang/Project/CoursePJ-KmeansCifar10/", "k": 4, "norm_ord": 2, "results": [[0, 5.2702683553034735], [5, 3.2274666785364228], [10, 3.1692299188301654], [15, 3.1601976451695055], [19, 3.161598770522036]]}