{"pj_path": "/data/xukang/Project/CoursePJ-KmeansCifar10/", "k": 12, "norm_ord": 2, "results": [[0, 4.249787806365448], [5, 4.016492260281692], [10, 3.896236304116416], [15, 3.9609352563964912], [20, 3.923875166547546], [25, 3.8234906688142023], [30, 3.7657358180837264], [35, 3.7457898811464383], [37, 3.738185554461299]]}