{"pj_path": "/data/xukang/Project/CoursePJ-KmeansCifar10/", "k": 7, "norm_ord": 2, "results": [[0, 5.020206726699899], [5, 4.241950323318759], [10, 4.102541200507598], [15, 4.018607966975944], [20, 3.9227393606155014], [25, 3.80811587016708], [30, 3.75168671586851], [35, 3.7063491902277916], [40, 3.6806700103839978], [45, 3.664769313889583], [50, 3.6702078238501854], [55, 3.6636620321160764], [60, 3.665488485786382], [65, 3.66533357173333]]}