{"pj_path": "/data/xukang/Project/CoursePJ-KmeansCifar10/", "k": 9, "norm_ord": 1, "results": [[0, 4.913130337402894], [5, 4.561978264069889], [10, 4.409913145225647], [15, 4.392907289400885], [20, 4.301267467463323], [25, 4.249866165227933], [30, 4.254105262946206], [35, 4.269704308219459], [40, 4.2910420594956165], [45, 4.296968812234014], [50, 4.310988929597382], [55, 4.331684830929212], [59, 4.357628923954149]]}