{"pj_path": "/data/xukang/Project/CoursePJ-KmeansCifar10/", "k": 6, "norm_ord": 1, "results": [[0, 5.226818496168962], [5, 4.324389835706698], [10, 4.188591624320757], [15, 4.072740468528197], [20, 3.9790313946275995], [25, 3.9694546221324676], [28, 3.963105925756249]]}