{"pj_path": "/data/xukang/Project/CoursePJ-KmeansCifar10/", "k": 8, "norm_ord": 1, "results": [[0, 5.135705427765972], [5, 4.522883977163024], [10, 4.471777187563615], [15, 4.44278726912164], [20, 4.466566662491544], [25, 4.397026994758653], [28, 4.253640106502143]]}