{"pj_path": "/data/xukang/Project/CoursePJ-KmeansCifar10/", "k": 4, "norm_ord": 1, "results": [[0, 5.597451335221961], [5, 3.7900581422989523], [10, 3.2785077450607343], [15, 3.259473884353225], [20, 3.265092057462608], [25, 3.264179496653703], [28, 3.2644490921197793]]}