{"pj_path": "/data/xukang/Project/CoursePJ-KmeansCifar10/", "k": 11, "norm_ord": 1, "results": [[0, 4.815922769815054], [5, 4.468719787984792], [10, 4.323610185883236], [15, 4.29164818948813], [20, 4.247441444736916]]}