{"pj_path": "/data/xukang/Project/CoursePJ-KmeansCifar10/", "k": 3, "norm_ord": 1, "results": [[0, 3.6993858679027976], [5, 4.18667075047203], [10, 3.8330730708174934], [15, 3.728391494733566], [20, 3.7321978965125546], [25, 3.739610623600258], [29, 3.739701729058909]]}