{"pj_path": "/data/xukang/Project/CoursePJ-KmeansCifar10/", "k": 11, "norm_ord": 2, "results": [[0, 4.438926061639331], [5, 4.304266584992655], [10, 4.377811163165204], [15, 4.257950086652142], [20, 4.163664342056177], [25, 4.067992559397326], [30, 4.006219137120096], [33, 3.9974319182379436]]}