{"pj_path": "/data/xukang/Project/CoursePJ-KmeansCifar10/", "k": 10, "norm_ord": 2, "results": [[0, 4.378851901975821], [5, 4.296466835649541], [10, 4.327902844607502], [15, 4.244277482721342], [20, 4.148682164785666], [25, 4.129780126801703], [30, 4.0764582861266], [35, 4.038573147092695], [40, 4.039973669024063], [45, 4.054648466106226], [50, 4.0542486680529795]]}