{"pj_path": "/data/xukang/Project/CoursePJ-KmeansCifar10/", "k": 3, "norm_ord": 2, "results": [[0, 3.4508769856692605], [5, 3.8348843694606445], [10, 3.7047401134218756], [15, 3.754250746026065], [20, 3.781602756685565], [24, 3.773002860124151]]}