{"pj_path": "/data/xukang/Project/CoursePJ-KmeansCifar10/", "k": 9, "norm_ord": 2, "results": [[0, 4.566381612443996], [5, 4.235578320787224], [10, 4.2115393884432075], [15, 4.125885518266944], [20, 4.019228239760184], [25, 4.000977588594485], [30, 3.9984656195758737], [35, 3.997901886817051], [37, 3.9983208851134555]]}