{"pj_path": "/data/xukang/Project/CoursePJ-KmeansCifar10/", "k": 2, "norm_ord": 2, "results": [[0, 3.226943988592349], [5, 2.6779268130050924], [10, 2.7435207925504552], [15, 2.743866884074117], [16, 2.743866884074117]]}