{"pj_path": "/data/xukang/Project/CoursePJ-KmeansCifar10/", "k": 2, "norm_ord": 2, "results": [[0, 4.226943988592349], [5, 3.6779268130050924], [10, 3.7435207925504552], [15, 3.743866884074117], [16, 3.743866884074117]]}