{"pj_path": "/data/xukang/Project/CoursePJ-KmeansCifar10/", "k": 5, "norm_ord": 2, "results": [[0, 5.215704717861516], [5, 3.8155678197151275], [10, 3.8889165631960103], [15, 3.9624425380512287], [20, 3.9571594026010883], [25, 3.957191556352778], [30, 3.953529176210467]]}