{"pj_path": "/data/xukang/Project/CoursePJ-KmeansCifar10/", "k": 7, "norm_ord": 1, "results": [[0, 5.358843836955709], [5, 4.416421782954576], [10, 4.219258158805432], [15, 4.250189023472719], [20, 4.252793790176085], [25, 4.2016709733513125], [28, 4.169800091611886]]}