{"pj_path": "/Users/xukang/Project/Repo/CoursePJ-KmeansCifar10/", "k": 5, "norm_ord": 1, "results": [[0, 5.054534248582619], [10, 4.115402929129689], [20, 3.957070092429748], [27, 3.940835093191521]]}