{"pj_path": "/data/xukang/Project/CoursePJ-KmeansCifar10/", "k": 5, "norm_ord": 1, "results": [[0, 5.765886261382594], [5, 4.10126447984384], [10, 3.9895968618500923], [15, 4.049284517310501], [20, 4.110265528390622], [25, 4.148393543197776], [30, 4.158357192829819], [34, 4.15994945751613]]}